R1,R2,R3,R4,R5,R6,R7,R8,R9,R10,R11,R12,R13,R14,R15,R16,R17,R18,R19,R20,R21,R22,R23,R24,R25,R26,R27,R28,R29,R30,R31,R32,R33,R34,R35,R36,R37,R38,R39,R40,GestureName
0.0039,0,0,0,0,0,0,0,0,0.001,0,0,0,0,0.0049,0,0,0,0,0.0049,0,0,0,0,0.0039,0,0,0,0,0.0049,0,0,0,0,0,0,0,0,0,0,C
0.0029,0,0,0,0,0,0,0,0,0.0049,0,0,0,0,0.002,0,0,0,0,0.0039,0,0.001,0,0,0.0049,0,0,0,0,0.0039,0,0,0,0,0,0,0,0,0,0,C
0,0,0,0,0,0,0,0,0,0,0,0,0,0,0.0049,0,0,0,0,0.0049,0,0,0,0,0.0049,0,0,0,0,0.0049,0,0.001,0,0,0,0.0029,0,0,0,0,C
0.0039,0,0,0,0,0,0,0,0,0.0049,0,0.001,0,0,0.0049,0,0,0,0,0.0049,0,0.001,0,0,0.001,0,0,0,0,0.0049,0,0,0,0,0,0,0,0,0,0,C
0.002,0,0,0,0,0,0,0,0,0.0049,0,0,0,0,0.0049,0,0,0,0,0.002,0,0,0,0,0.0049,0,0,0,0,0,0,0,0,0,0,0.001,0,0,0,0,C
0.0049,0,0,0,0,0,0,0,0,0,0,0,0,0,0.0049,0,0,0,0,0.0029,0,0,0,0,0.002,0,0,0,0,0.0049,0,0.001,0,0,0,0.001,0,0,0,0,C
0.001,0,0,0,0,0,0,0,0,0.0049,0,0,0,0,0.0029,0,0,0,0,0.0049,0,0,0,0,0.0029,0,0,0,0,0.0049,0,0,0,0,0,0.0039,0,0,0,0,C
0.001,0,0,0,0,0,0,0,0,0.0049,0,0,0,0,0.0049,0.0039,0,0,0,0.0039,0,0,0,0,0.0049,0,0,0,0,0,0,0,0,0,0,0.0039,0,0,0,0,C
0.0049,0,0,0,0,0,0,0,0,0.002,0,0,0,0,0.0049,0,0,0,0,0.0049,0,0,0,0,0.001,0,0,0,0,0.0049,0,0,0,0,0,0,0,0,0,0,C
0.001,0,0,0,0,0,0,0,0,0.0039,0,0,0,0,0.0039,0,0,0,0,0.0039,0,0,0,0,0.0039,0,0,0,0,0.001,0,0,0,0,0,0.0049,0,0,0,0,C
0.001,0.0049,0,0,0.001,0,0,0,0.002,0,0,0.0049,0.0049,0,0.0029,0.001,0,0.0049,0.0029,0.001,0.0049,0.0049,0,0.0049,0,0.0049,0,0,0.001,0.002,0.0029,0,0,0.0049,0.002,0.001,0,0.0049,0,0.0049,A
0,0.0049,0.0039,0,0,0.002,0.0049,0.002,0.0049,0.0049,0,0.0039,0.0039,0.002,0,0.002,0,0,0.0049,0.002,0.001,0,0.0039,0.0049,0,0,0.0049,0.002,0.001,0.001,0.0049,0.0049,0,0.002,0.001,0,0,0.0049,0,0,A
0,0,0.001,0.002,0,0,0.002,0.002,0.002,0,0.001,0.0049,0,0.001,0.0039,0.001,0,0.0039,0.002,0,0.0029,0.0049,0.0049,0.002,0,0.002,0,0,0.0049,0,0,0,0.0029,0.0049,0,0,0.001,0.0049,0,0.002,A
0,0.001,0.0029,0.001,0,0.0049,0,0,0.0039,0.0049,0,0,0.0029,0.001,0,0.001,0.001,0.001,0,0,0.0049,0.002,0,0.001,0.001,0,0.002,0.0039,0.0049,0,0,0.001,0,0,0.0049,0.0029,0.001,0,0.002,0.001,A
0.002,0.0049,0.0049,0.002,0,0.0049,0.002,0,0.001,0,0.001,0.0049,0.002,0,0,0,0.0049,0.0049,0.001,0.001,0.0049,0.0029,0.001,0.0049,0,0.0029,0,0,0.001,0.002,0.001,0,0,0.0049,0.0039,0.001,0.002,0.0049,0,0,A
0,0.0049,0.002,0.0039,0,0,0.0049,0.0049,0.0049,0.0049,0.001,0.0049,0.0049,0,0,0.002,0.0039,0.0049,0,0,0.0049,0,0,0.0029,0.0039,0.0029,0.001,0.001,0.0049,0,0,0.0049,0,0.0049,0.0049,0.002,0,0.0049,0,0.001,A
0,0.0049,0,0,0.0029,0.002,0,0.0049,0.001,0,0.0049,0.0049,0.0049,0,0.002,0.001,0.001,0.0049,0.0049,0.0049,0,0.002,0.001,0.0049,0,0.0029,0.001,0,0.0049,0.001,0.0029,0,0.0029,0.0049,0.002,0,0,0.0049,0,0,A
0.001,0.0049,0.0049,0,0,0.0049,0,0.0049,0,0.0049,0.001,0,0.001,0.0029,0.001,0,0,0.0049,0.0029,0,0.0049,0.0029,0,0.0049,0.0039,0.0029,0,0.0029,0.0049,0,0,0,0.0049,0.0049,0.002,0.0039,0,0.002,0.0029,0.002,A
0.002,0.0049,0,0.0029,0.002,0.001,0,0.0039,0,0,0.001,0.0049,0.001,0.0049,0.0029,0,0.0039,0.0049,0.002,0.002,0.0039,0.0029,0.0049,0.0039,0,0.0029,0.002,0,0.0049,0.002,0,0,0,0.0049,0,0.002,0,0.0049,0,0.001,A
0,0.0029,0.001,0.0029,0,0,0.001,0,0.0029,0.0029,0.002,0.0049,0.001,0,0,0.0049,0.0049,0.0049,0,0.0029,0.0049,0.0049,0,0.0029,0,0,0.002,0.001,0.002,0,0.001,0,0,0.0049,0.001,0.002,0.002,0.0049,0.0049,0.002,A
